{"cameraMode":{"drawMode":0,"name":"Shaded","section":"Shading Mode"},"sceneLighting":false,"audioPlay":false,"sceneViewState":{"showFog":true,"showMaterialUpdate":false,"showSkybox":false,"showFlares":true,"showImageEffects":true,"showParticleSystems":true},"in2DMode":false,"pivot":{"x":-0.7469147443771362,"y":-1.5562485456466675,"z":1.7651100158691407},"rotation":{"x":0.37447816133499148,"y":-0.1871911883354187,"z":0.07747138291597367,"w":0.9048386812210083},"size":1.784238338470459,"orthographic":false}