{"cameraMode":{"drawMode":0,"name":"Shaded","section":"Shading Mode"},"sceneLighting":false,"audioPlay":false,"sceneViewState":{"showFog":true,"showMaterialUpdate":false,"showSkybox":false,"showFlares":true,"showImageEffects":true,"showParticleSystems":true},"in2DMode":false,"pivot":{"x":7.497650146484375,"y":0.39359360933303835,"z":3.1129398345947267},"rotation":{"x":-0.1041804850101471,"y":-0.8816901445388794,"z":0.23068012297153474,"w":-0.3981925845146179},"size":0.550715982913971,"orthographic":false}