{"cameraMode":{"drawMode":0,"name":"Shaded","section":"Shading Mode"},"sceneLighting":false,"audioPlay":false,"sceneViewState":{"showFog":true,"showMaterialUpdate":false,"showSkybox":false,"showFlares":true,"showImageEffects":true,"showParticleSystems":true},"in2DMode":false,"pivot":{"x":9.11637020111084,"y":1.063585877418518,"z":0.6092958450317383},"rotation":{"x":-0.0780114009976387,"y":0.8824895620346069,"z":-0.15785253047943116,"w":-0.436130166053772},"size":0.24290503561496736,"orthographic":false}