{"cameraMode":{"drawMode":0,"name":"Shaded","section":"Shading Mode"},"sceneLighting":false,"audioPlay":false,"sceneViewState":{"showFog":true,"showMaterialUpdate":false,"showSkybox":false,"showFlares":true,"showImageEffects":true,"showParticleSystems":true},"in2DMode":false,"pivot":{"x":7.357583999633789,"y":0.5063326358795166,"z":2.9146509170532228},"rotation":{"x":-0.05918446183204651,"y":-0.9352766871452332,"z":0.18851709365844727,"w":-0.29362860321998598},"size":1.1507160663604737,"orthographic":false}