{"cameraMode":{"drawMode":0,"name":"Shaded","section":"Shading Mode"},"sceneLighting":false,"audioPlay":false,"sceneViewState":{"showFog":true,"showMaterialUpdate":false,"showSkybox":false,"showFlares":true,"showImageEffects":true,"showParticleSystems":true},"in2DMode":false,"pivot":{"x":0.3778018355369568,"y":0.13698774576187135,"z":-0.44075214862823489},"rotation":{"x":0.024206336587667466,"y":0.9662989377975464,"z":-0.09890509396791458,"w":0.23646973073482514},"size":0.47150367498397829,"orthographic":true}