{"cameraMode":{"drawMode":0,"name":"Shaded","section":"Shading Mode"},"sceneLighting":false,"audioPlay":false,"sceneViewState":{"showFog":true,"showMaterialUpdate":false,"showSkybox":false,"showFlares":true,"showImageEffects":true,"showParticleSystems":true},"in2DMode":false,"pivot":{"x":-0.23838233947753907,"y":0.6586236953735352,"z":1.3497371673583985},"rotation":{"x":0.15280349552631379,"y":-0.6754069328308106,"z":0.14607812464237214,"w":0.7065061926841736},"size":2.4078450202941896,"orthographic":false}