{"cameraMode":{"drawMode":0,"name":"Shaded","section":"Shading Mode"},"sceneLighting":false,"audioPlay":false,"sceneViewState":{"showFog":true,"showMaterialUpdate":false,"showSkybox":false,"showFlares":true,"showImageEffects":true,"showParticleSystems":true},"in2DMode":false,"pivot":{"x":0.10411983728408814,"y":0.21761274337768556,"z":0.0030760765075683595},"rotation":{"x":-0.09667245298624039,"y":-0.14075195789337159,"z":0.01381073147058487,"w":-0.9852197766304016},"size":0.3120599389076233,"orthographic":false}