{"cameraMode":{"drawMode":0,"name":"Shaded","section":"Shading Mode"},"sceneLighting":false,"audioPlay":false,"sceneViewState":{"showFog":true,"showMaterialUpdate":false,"showSkybox":false,"showFlares":true,"showImageEffects":true,"showParticleSystems":true},"in2DMode":false,"pivot":{"x":0.37767112255096438,"y":0.04056274890899658,"z":2.2613916397094728},"rotation":{"x":-0.1041804850101471,"y":-0.8816901445388794,"z":0.23068012297153474,"w":-0.3981925845146179},"size":1.0688430070877076,"orthographic":false}