{"cameraMode":{"drawMode":0,"name":"Shaded","section":"Shading Mode"},"sceneLighting":false,"audioPlay":false,"sceneViewState":{"showFog":true,"showMaterialUpdate":false,"showSkybox":false,"showFlares":true,"showImageEffects":true,"showParticleSystems":true},"in2DMode":false,"pivot":{"x":8.385974884033204,"y":0.07892310619354248,"z":1.7861149311065674},"rotation":{"x":-0.02265928126871586,"y":-0.9689937829971314,"z":0.09712371230125427,"w":-0.22606991231441499},"size":1.0021708011627198,"orthographic":false}