{"cameraMode":{"drawMode":0,"name":"Shaded","section":"Shading Mode"},"sceneLighting":false,"audioPlay":false,"sceneViewState":{"showFog":true,"showMaterialUpdate":false,"showSkybox":false,"showFlares":true,"showImageEffects":true,"showParticleSystems":true},"in2DMode":false,"pivot":{"x":0.0024324655532836916,"y":0.19610130786895753,"z":-0.008058935403823853},"rotation":{"x":0.04314066469669342,"y":0.04104694724082947,"z":0.0017737086163833738,"w":-0.998226523399353},"size":0.3097919225692749,"orthographic":false}