{"cameraMode":{"drawMode":0,"name":"Shaded","section":"Shading Mode"},"sceneLighting":true,"audioPlay":false,"sceneViewState":{"showFog":true,"showMaterialUpdate":true,"showSkybox":true,"showFlares":true,"showImageEffects":true,"showParticleSystems":true},"in2DMode":false,"pivot":{"x":7.275099277496338,"y":0.042198896408081058,"z":2.2796473503112795},"rotation":{"x":0.6520471572875977,"y":-0.01250812504440546,"z":0.010759753175079823,"w":0.7579991817474365},"size":1.6202192306518555,"orthographic":false}