{"cameraMode":{"drawMode":0,"name":"Shaded","section":"Shading Mode"},"sceneLighting":false,"audioPlay":false,"sceneViewState":{"showFog":true,"showMaterialUpdate":false,"showSkybox":false,"showFlares":true,"showImageEffects":true,"showParticleSystems":true},"in2DMode":false,"pivot":{"x":0.0024324655532836916,"y":0.19610130786895753,"z":-0.008058935403823853},"rotation":{"x":0.08755944669246674,"y":0.46163395047187807,"z":-0.045851707458496097,"w":0.8815473914146423},"size":0.3097919225692749,"orthographic":false}