{"cameraMode":{"drawMode":0,"name":"Shaded","section":"Shading Mode"},"sceneLighting":false,"audioPlay":false,"sceneViewState":{"showFog":true,"showMaterialUpdate":true,"showSkybox":false,"showFlares":true,"showImageEffects":true,"showParticleSystems":true},"in2DMode":false,"pivot":{"x":1.0950082540512086,"y":0.2657949924468994,"z":-1.0480929613113404},"rotation":{"x":0.00449368916451931,"y":0.496262788772583,"z":0.0025688817258924247,"w":-0.8681574463844299},"size":0.3287973999977112,"orthographic":false}